ID,Latitude,Longitude,LimitingMag
269379,21.5775,79.3115,7
269472,19.4912,-155.038,7
270018,23.2027,81.59,7
270029,24.1177,121.237,7
270030,24.1177,121.237,7
270125,4.65961,-74.1343,7
270166,40.2109,-92.6304,7
270200,38.1347,-105.466,7
270230,-50.1572,-71.9888,7
270232,-50.2679,-71.886,7
270233,-49.3023,-72.9296,7
270244,41.4861,-71.5309,7
270323,28.7041,77.1025,7
270396,36.1069,-112.113,7
270457,50.0755,14.4378,7
270482,43.6562,-79.4074,7
270484,43.6762,-79.357,7
270541,32.7565,-117.117,7
270636,32.576,-97.0913,7
270880,44.5966,-70.1205,7
270940,-8.32295,-43.1747,7
271010,47.4101,8.54147,7
271011,47.4101,8.54147,7
271026,46.6594,-94.1139,7
271049,54.9295,10.826,7
271136,43.0282,-76.1666,7
271218,40.2133,-77.008,7
271281,47.153,8.55187,7
271282,47.153,8.55187,7
271283,47.153,8.55187,7
271284,47.153,8.55187,7
271285,47.153,8.55187,7
271286,47.153,8.55187,7
271287,47.153,8.55187,7
269263,32.6103,-110.798,6
269297,32.6102,-110.798,6
269324,32.6102,-110.797,6
269332,-34.7157,-56.1946,6
269335,41.2295,-103.823,6
269336,47.9186,-122.554,6
269338,32.6103,-110.798,6
269369,47.9186,-122.554,6
269456,38.9923,-76.9422,6
269474,38.888,-119.819,6
269524,32.6102,-110.797,6
269572,32.6102,-110.797,6
269576,32.6217,-110.746,6
269599,47.3543,-122.702,6
269631,38.627,-90.1994,6
269662,40.2076,-92.6289,6
269684,15.4703,-126.983,6
269685,15.4703,-126.983,6
269704,40.2076,-92.6289,6
269705,40.1882,-92.641,6
269722,-37.8443,175.438,6
269757,40.2076,-92.6289,6
269810,-30.0199,-70.6282,6
269811,-30.0199,-70.6282,6
269824,32.6224,-109.824,6
269844,33.4135,-112.778,6
269870,38.888,-119.819,6
269905,44.963,-93.1782,6
270150,32.6101,-110.797,6
270177,32.6102,-110.797,6
270180,41.8834,-70.7625,6
270213,32.7291,-116.183,6
270214,32.7291,-116.183,6
270240,30.5216,-86.4808,6
270241,30.5216,-86.4808,6
270261,35.8422,-121.399,6
270263,33.3264,-117.321,6
270289,42.1262,-70.8477,6
270294,42.1262,-70.8477,6
270295,42.1262,-70.8477,6
270326,38.888,-119.819,6
270339,28.3476,-82.1094,6
270421,32.6102,-110.797,6
270429,39.9512,-105.505,6
270442,32.9964,-116.97,6
270444,32.9964,-116.97,6
270454,35.3536,137.671,6
270483,40.0373,-105.367,6
270526,33.1005,-116.301,6
270546,36.6032,129.195,6
270603,28.8278,-82.3305,6
270663,40.7934,-77.86,6
270672,39.6655,-105.205,6
270751,-34.8499,-56.2617,6
270772,38.888,-119.819,6
270793,40.6837,-73.4961,6
270794,40.6837,-73.4961,6
270804,-51.7397,-61.2806,6
270805,40.1798,-92.5999,6
270825,32.7098,-108.299,6
270850,32.7098,-108.299,6
270867,33.9813,-111.798,6
270868,33.9813,-111.798,6
270873,35.284,-120.667,6
270930,40.2803,-74.0054,6
270941,32.7097,-108.299,6
270942,28.5688,-81.2016,6
270945,35.2661,-120.894,6
270982,47.6103,20.7282,6
270985,47.6103,20.7283,6
270986,47.6101,20.7278,6
271012,47.7497,57.2526,6
271050,54.8358,11.4824,6
271052,42.2015,-74.0307,6
271165,47.6102,20.728,6
271203,35.027,-89.2723,6
269238,38.001,-87.3923,5
269239,33.9645,-83.4052,5
269244,43.6755,-70.4607,5
269275,49.3662,8.75059,5
269283,29.8725,-98.6307,5
269313,44.9783,-92.7475,5
269314,44.9783,-92.7475,5
269320,30.435,-98.0205,5
269327,53.7275,-2.19225,5
269347,40.1872,-92.59,5
269363,29.8725,-98.6307,5
269364,29.8725,-98.6307,5
269370,40.7913,-77.8653,5
269389,43.8315,-72.1532,5
269393,-6.7284,-36.2655,5
269399,41.7248,-87.9599,5
269419,35.3536,137.671,5
269436,-6.7285,-36.2655,5
269450,42.1532,-120.499,5
269457,31.8922,-116.688,5
269475,43.8323,-72.1526,5
269483,40.8011,-77.8459,5
269516,47.0402,-87.0312,5
269520,39.9774,-105.334,5
269566,53.7278,-2.19251,5
269568,36.1466,-86.8046,5
269575,40.9887,-75.2963,5
269593,41.8781,-87.6298,5
269594,47.3569,-122.7,5
269596,47.3569,-122.7,5
269597,47.3543,-122.702,5
269598,47.3543,-122.702,5
269603,42.9725,-78.7456,5
269637,47.3293,-122.58,5
269641,36.1472,-86.8038,5
269643,37.1585,-77.4041,5
269654,47.3543,-122.702,5
269666,40.9887,-75.2963,5
269723,20.1643,-103.724,5
269724,15.4173,74.1567,5
269728,44.8103,-93.9396,5
269775,47.1731,-122.445,5
269776,47.1731,-122.445,5
269779,47.1731,-122.445,5
269793,41.4843,-71.5243,5
269802,32.4371,-80.6357,5
269803,32.4373,-80.6358,5
269817,34.6832,-82.1844,5
269823,32.3044,-84.7629,5
269825,15.4173,74.1568,5
269854,41.4843,-71.5243,5
269863,33.9642,-98.6846,5
269864,33.9642,-98.6846,5
269865,33.9642,-98.6846,5
269891,44.9766,-93.2246,5
269897,42.3743,-71.2454,5
269947,-34.8923,-56.1634,5
269957,-34.8916,-56.16,5
269962,42.9244,-71.4516,5
269971,35.3652,-120.556,5
270014,47.2157,7.54502,5
270037,35.8666,-78.856,5
270075,54.1536,12.0771,5
270076,54.1535,12.0771,5
270106,-6.7284,-36.2655,5
270135,33.2901,-116.952,5
270147,33.0011,-116.817,5
270148,33.0011,-116.816,5
270172,43.1674,-70.8191,5
270207,30.435,-98.0205,5
270226,40.7982,-77.8599,5
270248,35.1615,-120.552,5
270264,43.1651,-79.6045,5
270266,41.2049,22.5784,5
270280,42.3743,-71.2454,5
270281,42.3743,-71.2454,5
270290,-39.0335,-72.7924,5
270333,46.1115,14.0928,5
270338,41.2091,22.5825,5
270347,41.4861,-71.5309,5
270462,39.9735,-105.509,5
270485,43.7974,-79.3465,5
270492,44.1978,-78.8782,5
270498,38.9072,-77.0369,5
270501,40.2106,-92.6304,5
270505,43.1638,-70.825,5
270529,35.187,-118.636,5
270536,40.2109,-92.6304,5
270551,40.1901,-92.6489,5
270552,40.1793,-92.6464,5
270553,40.184,-92.6434,5
270554,40.1884,-92.6414,5
270555,40.1708,-92.6593,5
270556,40.1566,-92.6222,5
270557,40.1704,-92.6179,5
270558,40.1841,-92.6238,5
270563,28.8372,-82.3109,5
270568,28.8372,-82.3109,5
270569,28.8372,-82.3109,5
270596,28.8628,-82.4722,5
270600,28.8278,-82.3305,5
270616,40.0799,-105.269,5
270653,39.9535,-105.333,5
270674,40.1359,-105.191,5
270681,39.9533,-105.334,5
270689,39.9535,-105.333,5
270696,39.9512,-105.337,5
270704,39.9939,-105.287,5
270710,40.0017,-105.307,5
270713,40.0017,-105.307,5
270716,40.0118,-105.255,5
270726,39.9912,-105.319,5
270745,41.4878,-71.5357,5
270785,29.8725,-98.6307,5
270789,35.5592,-121.08,5
270806,40.1867,-92.5827,5
270843,29.3235,47.936,5
270886,37.691,-97.4524,5
270905,35.2723,-120.887,5
270959,42.2611,-71.0824,5
270961,42.2611,-71.0824,5
270964,44.7946,-88.6512,5
270983,47.61,20.7279,5
270984,47.6102,20.7283,5
271053,52.2969,21.4577,5
271057,38.802,-77.1855,5
271085,38.802,-77.1855,5
271094,21.6026,70.5315,5
271103,16.1912,75.7003,5
271113,38.6929,-123.434,5
271200,35.0548,-89.2747,5
271202,35.0481,-89.2702,5
271406,44.1274,15.2478,5
271407,44.1274,15.2478,5
269242,38.4234,-85.798,4
269254,40.7986,-77.8673,4
269260,32.8797,-117.245,4
269264,33.6681,-117.327,4
269311,49.398,8.62507,4
269312,49.3369,8.90556,4
269325,47.1581,-122.153,4
269333,43.7115,-72.32,4
269342,26.1839,-80.1862,4
269354,40.7913,-77.8653,4
269366,34.8543,-78.8768,4
269372,40.7913,-77.8653,4
269373,40.7914,-77.8654,4
269381,40.9887,-75.2963,4
269384,41.6847,-71.8551,4
269395,10.3395,-61.3444,4
269401,43.7022,-72.2896,4
269425,-6.7319,-36.2669,4
269426,-6.73172,-36.2676,4
269427,-6.73155,-36.2678,4
269447,42.2152,-120.363,4
269448,42.1888,-120.346,4
269449,32.8503,-117.273,4
269451,40.9713,-75.3095,4
269452,40.7993,-77.8546,4
269459,47.3293,-122.58,4
269462,44.0876,-100.391,4
269464,42.1888,-120.346,4
269473,28.5578,-81.725,4
269478,40.7979,-77.8695,4
269491,36.7823,27.1435,4
269512,40.7993,-77.8546,4
269525,42.1532,-120.499,4
269526,36.1461,-86.8043,4
269527,40.7913,-77.8653,4
269528,40.7986,-77.8673,4
269539,44.9778,-93.265,4
269541,32.6706,-116.823,4
269543,37.6717,-89.2094,4
269550,-6.86752,-36.3571,4
269561,41.7265,-88.0004,4
269563,-41.0661,-73.4162,4
269590,39.4701,-86.416,4
269614,45.1075,-92.976,4
269615,30.2672,-97.7431,4
269628,32.8398,-117.245,4
269634,40.9714,-75.3095,4
269636,47.3293,-122.58,4
269679,35.3859,-94.3985,4
269680,35.3859,-94.3985,4
269687,44.9858,-93.3124,4
269726,35.3859,-94.3985,4
269748,43.6836,-70.451,4
269753,34.6981,-83.7259,4
269755,28.5578,-81.725,4
269756,32.572,-97.0639,4
269759,41.7407,-87.9785,4
269761,32.5475,-97.114,4
269768,47.2337,-122.44,4
269787,35.3859,-94.3985,4
269800,29.9923,30.9586,4
269814,41.4861,-71.5309,4
269822,41.4861,-71.5309,4
269830,40.7914,-77.8654,4
269843,36.3531,-119.339,4
269858,43.6836,-70.451,4
269861,44.5624,-88.0803,4
269862,38.1801,-85.6671,4
269869,41.2051,22.5786,4
269873,26.098,-80.4013,4
269881,33.9644,-98.6845,4
269882,33.9643,-98.6845,4
269884,40.3136,-105.163,4
269925,44.9754,-93.2363,4
269928,34.6981,-83.7259,4
269944,-34.8893,-56.1133,4
269961,32.8503,-117.273,4
269986,35.5193,-78.4776,4
269988,43.6849,-70.45,4
270015,-6.72856,-36.2654,4
270032,15.4173,74.1567,4
270038,40.9713,-75.3095,4
270042,39.7416,-105.095,4
270077,54.1535,12.0771,4
270097,32.8503,-117.273,4
270103,4.58544,-74.1974,4
270109,30.3877,-86.394,4
270115,36.0346,-75.6691,4
270127,4.65961,-74.1343,4
270132,33.16,-117.05,4
270133,33.16,-117.05,4
270134,33.16,-117.05,4
270142,39.4727,-104.922,4
270152,37.0145,-121.713,4
270154,39.4727,-104.922,4
270158,36.0346,-75.6691,4
270159,36.0346,-75.6691,4
270184,38.0059,-87.3949,4
270188,33.6222,-111.765,4
270190,20.35,-103.557,4
270192,39.4727,-104.922,4
270197,33.6222,-111.765,4
270205,36.9049,-111.459,4
270212,33.1434,-117.166,4
270219,41.203,22.5716,4
270236,30.4893,-86.457,4
270247,40.9386,-73.4707,4
270255,33.1505,-117.183,4
270258,32.804,-116.996,4
270260,38.9507,-77.1058,4
270269,-7.06103,-36.3616,4
270276,30.5216,-86.4808,4
270279,30.5216,-86.4808,4
270288,42.1262,-70.8477,4
270291,45.0988,-77.9975,4
270293,42.1262,-70.8477,4
270296,42.3551,-71.0657,4
270302,40.9887,-75.2963,4
270303,-4.29635,-41.7763,4
270304,-4.29635,-41.7763,4
270320,33.1434,-117.166,4
270321,33.6846,-112.179,4
270325,32.8899,-117.251,4
270334,34.3351,8.39934,4
270354,39.9716,-105.256,4
270359,39.9912,-105.319,4
270372,32.8899,-117.251,4
270376,37.5149,-76.9848,4
270377,48.7605,16.9945,4
270381,38.7104,35.5456,4
270395,30.4768,-86.4144,4
270397,30.4768,-86.4144,4
270398,30.527,-86.4496,4
270405,41.6613,-71.4669,4
270406,35.5193,-78.4776,4
270408,30.527,-86.4496,4
270411,28.5576,-81.7249,4
270416,32.313,-110.901,4
270422,28.5511,-80.8079,4
270451,38.7104,35.5456,4
270452,38.7104,35.5456,4
270453,38.7104,35.5456,4
270455,38.7104,35.5455,4
270456,38.7104,35.5456,4
270459,50.1383,14.4933,4
270463,38.7104,35.5455,4
270470,38.7104,35.5456,4
270480,38.7104,35.5456,4
270481,38.7104,35.5456,4
270486,38.7104,35.5456,4
270488,38.7104,35.5456,4
270497,33.9177,-117.201,4
270523,30.527,-86.4496,4
270532,30.4662,-86.4273,4
270543,30.4768,-86.4144,4
270560,39.9514,-105.338,4
270564,28.8372,-82.3109,4
270577,39.9519,-105.338,4
270579,39.9518,-105.338,4
270586,28.8628,-82.4722,4
270617,40.0087,-105.272,4
270622,26.0159,-80.3097,4
270623,26.0158,-80.3093,4
270625,43.1626,-70.8206,4
270627,40.9887,-75.2963,4
270629,30.4768,-86.4144,4
270630,30.4768,-86.4144,4
270631,30.4768,-86.4144,4
270634,37.2089,-77.4355,4
270641,48.7531,16.8825,4
270643,30.4988,-86.4747,4
270644,39.9535,-105.333,4
270648,40.0066,-105.272,4
270651,30.4988,-86.4747,4
270657,39.9535,-105.333,4
270662,39.9535,-105.333,4
270669,40.0066,-105.272,4
270683,40.0066,-105.272,4
270700,40.8058,-77.8612,4
270706,39.9533,-105.334,4
270707,40.0037,-105.263,4
270708,40.0037,-105.263,4
270711,39.9992,-105.282,4
270727,-32.8479,-71.1045,4
270729,39.9912,-105.319,4
270731,40.0017,-105.307,4
270734,39.9569,-105.35,4
270739,-32.8478,-71.1042,4
270741,40.0066,-105.272,4
270750,49.8977,14.8462,4
270757,36.1465,-86.8079,4
270759,40.7985,-77.8608,4
270761,40.8052,-77.8621,4
270764,40.8052,-77.8621,4
270767,26.1153,-80.1181,4
270768,26.1153,-80.1181,4
270769,26.1153,-80.1181,4
270771,40.7985,-77.8608,4
270774,26.1172,-80.2793,4
270775,26.1172,-80.2793,4
270783,26.1172,-80.2793,4
270792,35.1983,-111.651,4
270796,40.7913,-77.8653,4
270797,40.7914,-77.8654,4
270799,40.7914,-77.8654,4
270803,33.3602,-112.405,4
270819,35.2674,-120.675,4
270820,39.2663,-86.5039,4
270821,39.2663,-86.5039,4
270829,35.2903,-120.802,4
270836,35.4466,-120.629,4
270841,29.3137,48.0092,4
270897,32.2226,-110.975,4
270898,32.2226,-110.975,4
270907,41.4939,-81.549,4
270914,40.2689,-76.9578,4
270916,40.2689,-76.9578,4
270927,40.7801,-77.8546,4
270938,49.8173,17.081,4
270948,44.9851,-93.2283,4
270953,28.5578,-81.725,4
270957,40.2803,-74.0054,4
270987,47.6103,20.7282,4
270988,47.6102,20.7281,4
270993,44.9855,-93.1866,4
271007,41.3856,2.185,4
271031,5.28712,100.234,4
271036,52.3972,13.0486,4
271040,36.9049,-111.46,4
271044,19.4914,-155.038,4
271055,37.7103,-75.7464,4
271061,40.9713,-75.3096,4
271062,39.1437,-76.8277,4
271101,36.1448,-97.0579,4
271114,36.7752,140.731,4
271117,39.3259,141.901,4
271119,45.8126,8.78138,4
271120,44.9018,-0.216188,4
271122,34.3414,-83.6939,4
271123,-12.2343,-38.9712,4
271133,45.8131,8.78134,4
271138,43.0466,-76.0563,4
271188,36.2513,137.846,4
271330,44.1271,15.2475,4
271331,44.1271,15.2475,4
271334,44.1271,15.2475,4
271335,44.1271,15.2475,4
271380,44.1271,15.2475,4
271391,44.1274,15.2478,4
271392,44.1274,15.2478,4
271395,44.1274,15.2478,4
271399,44.1274,15.2478,4
271403,44.1274,15.2478,4
271404,44.1274,15.2478,4
271405,44.1274,15.2478,4
271408,44.1274,15.2478,4
271409,44.1274,15.2478,4
271412,44.1274,15.2478,4
271413,44.1274,15.2478,4
269247,18.1856,-65.8736,3
269249,40.8029,-77.8672,3
269265,39.0558,-76.4988,3
269266,33.0743,-112.047,3
269268,41.313,-81.9468,3
269279,43.7204,-72.2699,3
269281,38.4234,-85.798,3
269299,33.092,-116.583,3
269303,32.7371,-117.116,3
269304,32.7371,-117.116,3
269305,40.8029,-77.8672,3
269306,39.688,-104.943,3
269308,23.2519,87.8627,3
269309,33.092,-116.583,3
269328,30.388,-86.3939,3
269331,42.1966,-83.6136,3
269337,41.7327,-87.9784,3
269346,47.0009,-122.852,3
269348,47.1581,-122.153,3
269350,41.8069,-87.5902,3
269359,49.398,8.62502,3
269361,40.8027,-77.9603,3
269376,39.414,-84.432,3
269387,39.0558,-76.4988,3
269388,26.7107,88.4362,3
269397,40.7993,-77.8546,3
269408,36.9049,-111.459,3
269409,33.9099,-83.3939,3
269416,47.2617,-122.481,3
269420,40.7955,-77.8614,3
269423,39.414,-84.432,3
269430,-6.73252,-36.2674,3
269433,43.8333,-72.152,3
269439,35.3791,-120.659,3
269446,-34.9127,-56.1508,3
269479,40.8086,-77.8556,3
269480,40.8086,-77.8556,3
269481,40.7693,-77.8607,3
269482,40.7995,-78.0542,3
269485,40.8099,-77.897,3
269486,41.4274,-78.5609,3
269488,40.7965,-77.8628,3
269490,40.2803,-74.0054,3
269493,-34.875,-56.1997,3
269494,-34.9127,-56.1508,3
269499,43.6591,-70.2568,3
269502,43.6707,-70.3488,3
269507,40.9887,-75.2963,3
269509,43.6707,-70.3488,3
269522,44.9778,-93.265,3
269533,12.6434,80.0069,3
269537,-34.9127,-56.1508,3
269542,40.2823,-74.0041,3
269545,-34.912,-56.1488,3
269546,-34.9149,-56.149,3
269548,-7.05837,-36.3611,3
269549,-6.71866,-36.2587,3
269552,-6.73196,-36.2677,3
269560,40.7993,-77.8548,3
269571,47.2989,-122.437,3
269577,47.1551,-122.562,3
269578,47.1954,-122.413,3
269585,47.3293,-122.58,3
269586,39.0558,-76.4988,3
269589,47.3293,-122.58,3
269592,51.5019,0.205726,3
269601,-6.72924,-36.2676,3
269602,-6.72833,-36.2655,3
269612,30.1636,-97.8074,3
269616,30.1579,-97.8114,3
269620,38.627,-90.1994,3
269627,38.627,-90.1994,3
269629,32.8843,-117.233,3
269638,47.1954,-122.413,3
269656,39.0558,-76.4988,3
269667,39.6883,-104.944,3
269670,-34.9186,-56.1649,3
269674,30.1636,-97.8074,3
269681,-34.9186,-56.1649,3
269691,47.2379,-122.452,3
269693,46.0522,-123.283,3
269698,-34.8932,-56.1679,3
269702,32.611,-97.0402,3
269720,47.1592,-122.267,3
269732,-34.9111,-56.1452,3
269733,32.5247,-97.0983,3
269741,-34.9142,-56.1544,3
269742,-34.9172,-56.1594,3
269747,43.6908,-70.4468,3
269752,39.414,-84.432,3
269765,32.5881,-97.0459,3
269771,38.184,-83.4327,3
269774,47.173,-122.453,3
269777,47.1731,-122.445,3
269778,47.1406,-122.538,3
269786,39.0558,-76.4988,3
269789,32.5881,-97.0459,3
269792,47.4596,-93.2831,3
269818,30.0444,31.2357,3
269820,39.0558,-76.4988,3
269834,32.2196,-80.85,3
269835,-34.9255,-56.1564,3
269837,25.8289,-80.2918,3
269838,25.8289,-80.2918,3
269846,39.0558,-76.4988,3
269850,25.8289,-80.2918,3
269859,43.6848,-70.4499,3
269868,39.0558,-76.4988,3
269872,40.795,-77.8491,3
269874,28.3261,-81.4011,3
269876,44.9742,-93.2342,3
269878,30.5139,-86.4558,3
269879,30.3885,-86.3938,3
269888,29.9899,30.9557,3
269890,29.6917,-95.468,3
269894,29.6917,-95.468,3
269895,39.0558,-76.4988,3
269896,29.6917,-95.468,3
269926,-34.9162,-56.1523,3
269929,39.4138,-84.4317,3
269930,-34.9162,-56.1523,3
269935,33.0608,-117.246,3
269938,39.9745,-74.1479,3
269939,39.9745,-74.1479,3
269945,-34.8825,-56.1561,3
269949,44.9441,-93.222,3
269950,44.9441,-93.222,3
269955,-34.8949,-56.1686,3
269956,-34.8949,-56.1686,3
269958,28.3261,-81.4011,3
269959,29.9897,30.9558,3
269967,30.388,-86.3936,3
269970,41.4843,-71.5243,3
269975,41.7814,-87.9492,3
269978,-34.8949,-56.1686,3
269979,43.3161,-1.97589,3
269981,43.4926,-70.4534,3
269982,43.5077,-70.4078,3
269983,33.3565,-84.0377,3
269984,33.3565,-84.0377,3
269987,43.6848,-70.4499,3
269991,30.4773,-86.4198,3
269993,30.4773,-86.4198,3
269998,39.0558,-76.4988,3
270002,39.9774,-105.334,3
270007,36.0908,-95.8545,3
270009,36.0908,-95.8545,3
270010,36.0908,-95.8545,3
270027,39.7419,-105.095,3
270035,40.7178,-74.0431,3
270036,29.9898,30.9558,3
270043,50.9624,3.89797,3
270045,29.9898,30.9558,3
270048,35.6267,-120.699,3
270049,39.0558,-76.4988,3
270064,4.59615,-74.1579,3
270071,41.972,-98.3047,3
270073,39.0558,-76.4988,3
270082,4.64323,-74.1179,3
270084,4.55205,-74.1078,3
270091,41.485,-71.5299,3
270092,30.4988,-86.4747,3
270094,34.7716,-85.1862,3
270095,4.66308,-74.1341,3
270101,41.485,-71.5299,3
270102,4.68824,-74.0949,3
270111,4.59336,-74.1972,3
270117,30.4988,-86.4747,3
270119,36.9049,-111.459,3
270122,41.485,-71.5299,3
270126,4.62356,-74.1802,3
270136,40.0076,-105.266,3
270138,41.485,-71.5299,3
270141,33.0023,-116.806,3
270143,36.905,-111.459,3
270144,29.5232,-98.7646,3
270145,29.5232,-98.7646,3
270153,33.1672,-117.316,3
270156,-6.73207,-36.2685,3
270157,39.0438,-77.4874,3
270161,41.485,-71.5299,3
270173,41.485,-71.5299,3
270174,36.905,-111.459,3
270175,34.0925,-117.805,3
270182,28.6714,-80.7379,3
270183,39.9906,-86.1401,3
270199,41.485,-71.5299,3
270210,32.8831,-117.234,3
270211,41.485,-71.5299,3
270217,39.0558,-76.4988,3
270223,-4.29635,-41.7762,3
270224,-4.29635,-41.7762,3
270227,42.2375,-83.2258,3
270235,30.4893,-86.457,3
270237,30.4773,-86.4198,3
270242,41.7483,-87.9738,3
270249,41.4861,-71.5309,3
270254,39.0558,-76.4988,3
270259,30.4773,-86.4198,3
270268,-6.7321,-36.2685,3
270273,42.3743,-71.2454,3
270285,34.7055,-86.762,3
270300,42.3551,-71.0657,3
270305,42.0275,-71.4833,3
270308,32.8479,-117.268,3
270309,39.9637,-105.337,3
270310,39.1624,-77.2538,3
270315,39.0558,-76.4988,3
270316,32.8479,-117.268,3
270324,32.8859,-117.243,3
270328,32.8859,-117.243,3
270329,42.0275,-71.4833,3
270340,40.4317,-74.405,3
270343,30.495,-86.4695,3
270344,30.495,-86.4695,3
270346,40.7992,-77.8568,3
270355,32.611,-97.0402,3
270356,39.9979,-105.25,3
270364,32.9709,-117.119,3
270365,32.9709,-117.119,3
270366,32.9709,-117.119,3
270375,47.6456,-122.334,3
270383,35.2828,-120.66,3
270384,32.7371,-117.116,3
270387,30.527,-86.4496,3
270391,30.495,-86.4695,3
270399,30.3772,-86.3793,3
270400,32.8801,-117.234,3
270402,30.3773,-86.3853,3
270403,52.7168,-0.853708,3
270410,-33.473,-71.1047,3
270418,41.6933,-87.8031,3
270419,39.1624,-77.2539,3
270420,32.9304,-117.26,3
270424,32.9304,-117.26,3
270427,42.1532,-120.5,3
270431,49.4803,8.78927,3
270440,32.8801,-117.234,3
270446,43.7764,-79.2318,3
270448,38.7104,35.5456,3
270449,38.7104,35.5456,3
270460,50.1383,14.4933,3
270461,38.7104,35.5453,3
270465,38.7104,35.5456,3
270466,38.7104,35.5455,3
270467,38.7102,35.5338,3
270468,38.3332,-123.048,3
270469,37.9577,-121.291,3
270471,38.7107,35.5458,3
270473,38.7102,35.5338,3
270474,38.7351,35.5772,3
270487,38.7104,35.5456,3
270490,32.8801,-117.234,3
270496,35.5566,-78.607,3
270499,40.1778,-92.601,3
270500,-6.73201,-36.2677,3
270502,34.7055,-86.7621,3
270503,38.9657,-77.0622,3
270509,30.5241,-86.4519,3
270513,36.905,-111.459,3
270514,30.5241,-86.4519,3
270516,30.5007,-86.4436,3
270517,38.6579,-90.3972,3
270518,38.6579,-90.3972,3
270519,-32.8504,-71.1055,3
270520,38.6748,-90.3822,3
270521,30.5007,-86.4436,3
270531,30.4662,-86.4273,3
270533,38.6579,-90.3972,3
270548,37.6708,-89.2285,3
270561,28.7946,-82.343,3
270562,28.7946,-82.343,3
270573,28.8277,-82.3315,3
270583,28.8628,-82.4722,3
270585,28.8628,-82.4722,3
270594,28.8628,-82.4722,3
270599,28.8278,-82.3305,3
270604,28.8278,-82.3305,3
270610,28.8278,-82.3305,3
270613,38.6579,-90.3972,3
270614,30.5241,-86.4519,3
270618,30.3803,-86.419,3
270619,30.3803,-86.419,3
270632,30.5241,-86.4519,3
270633,30.5241,-86.4519,3
270635,30.5241,-86.4519,3
270638,46.2558,-101.475,3
270639,33.7779,-118.375,3
270642,33.998,-118.314,3
270646,42.1532,-120.499,3
270647,39.0558,-76.4988,3
270649,39.9533,-105.334,3
270650,28.0885,-81.7276,3
270656,39.9533,-105.334,3
270660,41.4861,-71.5309,3
270664,40.0481,-105.517,3
270665,32.572,-97.0639,3
270667,39.9533,-105.334,3
270671,39.5346,-104.874,3
270679,32.5996,-97.0402,3
270684,39.9533,-105.334,3
270686,32.5552,-97.0673,3
270701,32.5706,-97.0555,3
270705,40.0036,-105.263,3
270709,40.0066,-105.272,3
270712,39.9533,-105.334,3
270714,39.9533,-105.334,3
270715,40.0066,-105.272,3
270720,40.0179,-105.267,3
270721,39.9784,-105.275,3
270722,39.9893,-105.318,3
270723,43.2237,-8.35431,3
270724,42.2928,-83.7327,3
270725,40.0235,-105.285,3
270728,40.0112,-105.278,3
270740,39.9533,-105.334,3
270744,47.4131,-92.9458,3
270746,40.0227,-105.252,3
270754,40.7953,-77.8674,3
270756,36.1465,-86.8079,3
270766,26.1182,-80.1196,3
270778,26.1153,-80.1181,3
270781,26.1153,-80.1181,3
270782,26.1153,-80.1181,3
270786,40.792,-77.8644,3
270787,41.7814,-87.9492,3
270791,40.6837,-73.4961,3
270795,34.7052,-86.7617,3
270798,40.7986,-77.8673,3
270800,40.7914,-77.8654,3
270801,34.1702,-118.101,3
270815,40.7948,-77.8579,3
270822,35.2982,-120.768,3
270824,34.1702,-118.101,3
270826,40.8087,-77.8725,3
270831,34.9253,-120.433,3
270856,40.6319,-73.6035,3
270859,45.056,-93.2381,3
270864,40.6319,-73.6035,3
270866,40.6319,-73.6035,3
270869,35.5566,-78.607,3
270874,41.4938,-81.549,3
270884,41.4939,-81.5492,3
270887,40.7929,-77.8613,3
270890,39.0558,-76.4988,3
270893,40.7929,-77.8613,3
270896,32.2226,-110.975,3
270899,40.7929,-77.8613,3
270901,40.1744,-74.8257,3
270910,40.2803,-74.0054,3
270911,40.2803,-74.0054,3
270912,40.797,-77.8428,3
270913,40.2803,-74.0054,3
270917,40.2689,-76.9578,3
270920,39.1727,-76.5984,3
270921,39.1727,-76.5984,3
270925,40.7983,-77.8886,3
270928,39.0558,-76.4988,3
270931,38.0552,-102.122,3
270935,40.8006,-77.8584,3
270936,40.7934,-77.86,3
270967,45.0916,-93.7563,3
270994,45.0916,-93.7563,3
270995,44.8113,-91.4985,3
270996,39.0558,-76.4988,3
270999,38.6644,-94.8909,3
271000,38.6783,-94.883,3
271002,43.2943,-8.34644,3
271004,41.3856,2.185,3
271006,41.3856,2.185,3
271008,41.3856,2.185,3
271013,52.2961,21.4587,3
271015,41.6767,-83.652,3
271017,49.4802,8.78928,3
271019,49.339,8.90486,3
271020,49.3375,8.91136,3
271021,49.3375,8.91136,3
271023,49.339,8.90486,3
271028,49.3375,8.91136,3
271029,41.3446,21.5611,3
271041,38.0058,-87.3948,3
271042,39.0558,-76.4988,3
271043,39.0558,-76.4988,3
271045,35.7486,139.687,3
271047,35.7291,139.748,3
271051,27.6922,85.3443,3
271054,-27.4624,-58.9797,3
271056,41.6876,-72.6036,3
271064,39.1252,-77.2247,3
271065,39.1254,-77.225,3
271066,39.0558,-76.4988,3
271070,22.305,70.8017,3
271072,22.6876,87.9182,3
271078,27.6711,85.3446,3
271084,39.1252,-77.2247,3
271086,39.1254,-77.225,3
271087,45.7015,-92.4123,3
271088,37.7103,-75.747,3
271091,16.1928,-93.288,3
271092,16.1873,-93.2698,3
271093,22.2555,70.768,3
271096,16.1873,-93.2698,3
271099,16.1873,-93.2698,3
271104,21.7008,71.5193,3
271105,21.7008,71.5193,3
271110,16.1873,-93.2698,3
271121,39.6881,-104.943,3
271125,35.6662,140.162,3
271127,27.7184,85.3126,3
271128,27.6952,85.365,3
271129,27.7184,85.3126,3
271130,27.7184,85.3126,3
271131,27.7184,85.3126,3
271132,27.7021,85.3412,3
271137,43.0366,-76.0471,3
271158,35.6662,140.162,3
271306,34.7001,137.651,3
271327,44.1271,15.2475,3
271332,44.1271,15.2475,3
271333,44.1271,15.2475,3
271379,44.1271,15.2475,3
271381,44.1271,15.2475,3
271384,44.1271,15.2475,3
271386,44.1271,15.2475,3
271387,44.1271,15.2475,3
271388,44.1271,15.2475,3
271393,44.1274,15.2478,3
271394,44.1274,15.2478,3
271396,44.1274,15.2478,3
271397,44.1274,15.2478,3
271398,44.1274,15.2478,3
271401,44.1274,15.2478,3
271402,44.1274,15.2478,3
271410,44.1274,15.2478,3
271411,44.1274,15.2478,3
271414,44.1274,15.2478,3
271415,44.1274,15.2478,3
271422,44.1274,15.2478,3
269237,38.0058,-87.3948,2
269243,-34.8643,-56.1887,2
269250,36.1469,-86.8079,2
269252,-34.8643,-56.1887,2
269255,40.8001,-77.8574,2
269256,40.8076,-77.8616,2
269257,40.8076,-77.8616,2
269258,32.8785,-117.243,2
269261,40.8076,-77.8616,2
269270,49.3371,8.90566,2
269271,40.8076,-77.8616,2
269272,38.9772,-94.5993,2
269273,38.1909,-83.4307,2
269274,30.0861,-97.8642,2
269276,-34.884,-56.1624,2
269278,-34.8477,-56.2055,2
269280,40.7993,-77.8549,2
269282,41.4861,-71.5309,2
269289,40.7939,-77.8618,2
269292,76.8344,-69.4042,2
269295,33.6788,-117.188,2
269307,49.3371,8.90566,2
269310,49.4238,8.6459,2
269319,39.7419,-105.095,2
269321,47.2288,-122.543,2
269323,47.1003,-122.281,2
269330,38.9656,-94.6003,2
269344,47.2699,-122.474,2
269351,36.8132,3.24538,2
269353,14.4793,121.02,2
269367,41.6935,-87.803,2
269368,41.7104,-87.8313,2
269374,41.7266,-88.0002,2
269375,41.7324,-87.9782,2
269377,41.7266,-88.0002,2
269380,47.27,-122.474,2
269386,33.681,-117.189,2
269396,10.2019,-61.4228,2
269400,41.6508,-71.258,2
269403,41.7266,-88.0002,2
269406,-34.8614,-56.1875,2
269415,41.7235,-87.8379,2
269417,13.0827,80.2707,2
269421,10.2019,-61.4228,2
269424,40.8076,-77.8616,2
269431,-6.73232,-36.2679,2
269432,-6.73204,-36.2682,2
269434,10.2019,-61.4228,2
269435,10.2019,-61.4228,2
269437,10.3394,-61.3442,2
269440,40.8076,-77.8616,2
269442,35.134,-81.0203,2
269443,38.6451,-90.4079,2
269466,47.395,-122.583,2
269468,47.2761,-122.517,2
269476,-34.5291,-56.2873,2
269477,40.7693,-77.8607,2
269492,10.3395,-61.3444,2
269495,40.4317,-74.405,2
269497,41.9147,-72.8128,2
269498,36.1467,-86.8047,2
269500,39.887,-104.835,2
269501,-34.8585,-56.2257,2
269503,-34.8585,-56.2257,2
269505,36.9049,-111.459,2
269508,47.2761,-122.517,2
269517,40.0061,-105.268,2
269519,44.9778,-93.265,2
269554,-34.9239,-56.1587,2
269557,41.6935,-87.803,2
269558,41.6935,-87.803,2
269569,47.1793,-122.405,2
269570,39.7419,-105.095,2
269579,33.681,-117.189,2
269580,33.681,-117.189,2
269581,33.681,-117.189,2
269582,47.1204,-122.462,2
269583,47.127,-122.294,2
269584,47.127,-122.294,2
269591,-34.8476,-56.176,2
269595,38.5905,-90.2785,2
269605,60.2816,24.7468,2
269606,41.7483,-87.9738,2
269608,41.7483,-87.9738,2
269610,-34.8636,-56.2002,2
269611,30.2672,-97.7431,2
269613,30.1636,-97.8074,2
269617,30.1636,-97.8075,2
269619,30.1686,-97.8086,2
269622,30.164,-97.8076,2
269623,38.9517,-92.3341,2
269624,30.2672,-97.7431,2
269625,30.1579,-97.8114,2
269626,30.1686,-97.8086,2
269632,30.1636,-97.8075,2
269635,47.1344,-122.17,2
269639,-34.8687,-56.1915,2
269640,47.2581,-122.495,2
269644,47.2612,-122.482,2
269645,47.2612,-122.482,2
269646,38.9517,-92.3341,2
269647,30.1579,-97.8114,2
269648,30.1636,-97.8074,2
269653,47.1891,-122.131,2
269659,30.1636,-97.8074,2
269660,30.1636,-97.8074,2
269669,-34.9186,-56.1649,2
269671,30.1686,-97.8086,2
269672,30.1636,-97.8074,2
269686,37.682,-97.2691,2
269689,39.7419,-105.095,2
269692,41.591,-88.0366,2
269695,46.0522,-123.283,2
269696,32.5995,-97.0402,2
269697,37.682,-97.2691,2
269715,39.0558,-76.4988,2
269725,41.591,-88.0366,2
269729,47.3645,-122.601,2
269730,47.3645,-122.601,2
269731,47.3645,-122.601,2
269735,40.8064,-77.8623,2
269737,33.2212,-96.9763,2
269738,-34.9146,-56.152,2
269740,35.8252,-78.8419,2
269749,39.3958,-101.052,2
269750,38.7324,-82.9912,2
269751,32.4109,-84.9133,2
269758,47.4816,-122.19,2
269762,47.2196,-122.352,2
269764,47.2196,-122.352,2
269767,32.5608,-97.0722,2
269769,47.2335,-122.439,2
269770,47.2839,-122.501,2
269772,32.573,-97.0801,2
269784,-34.9239,-56.1587,2
269788,28.506,-81.3437,2
269790,32.5608,-97.0722,2
269806,39.3469,-84.3119,2
269808,39.9981,-75.2982,2
269809,41.7246,-87.9594,2
269812,-34.8959,-56.0661,2
269813,32.5236,-97.0945,2
269815,38.6656,-90.3972,2
269816,-34.9039,-56.1773,2
269821,50.0285,15.7351,2
269826,14.4793,121.02,2
269829,40.7913,-77.8653,2
269831,-34.8428,-56.1965,2
269832,-34.884,-56.1624,2
269833,-34.8721,-56.1933,2
269840,26.1153,-80.1181,2
269841,41.7265,-88.0004,2
269842,-34.8428,-56.1965,2
269849,-34.8428,-56.1965,2
269855,64.1315,-21.8474,2
269860,44.9839,-93.2348,2
269875,32.2361,-80.8447,2
269880,30.4773,-86.4198,2
269885,30.4773,-86.4198,2
269886,31.7025,-98.1204,2
269893,30.388,-86.3939,2
269898,38.9636,-94.6003,2
269899,38.9762,-94.5996,2
269904,44.9854,-93.2285,2
269907,40.8063,-77.8611,2
269910,39.7419,-105.095,2
269924,-34.9269,-56.1612,2
269931,-34.9161,-56.1523,2
269932,-34.9161,-56.1523,2
269933,34.0505,-117.741,2
269937,41.3695,-82.0045,2
269940,39.9263,-74.2157,2
269963,-34.8419,-56.2101,2
269964,29.9707,-90.0772,2
269965,44.9805,-93.2358,2
269968,41.7414,-87.9814,2
269969,40.7955,-77.8615,2
269972,35.6259,-120.551,2
269973,40.7955,-77.8615,2
269974,4.69893,-74.1147,2
269976,39.0558,-76.4988,2
269977,40.7955,-77.8615,2
269980,30.0739,30.9461,2
269989,35.5595,-78.6194,2
269996,39.7623,-105.095,2
269997,21.393,-157.75,2
270000,35.5595,-78.6194,2
270001,35.5595,-78.6194,2
270006,35.5595,-78.6194,2
270012,4.71943,-74.0308,2
270013,47.1219,9.48695,2
270016,35.8701,-78.5782,2
270017,21.393,-157.75,2
270021,35.8701,-78.5782,2
270023,4.59934,-74.1827,2
270024,32.7871,-97.7308,2
270025,32.7871,-97.7308,2
270031,1.9913,103.372,2
270039,39.7419,-105.095,2
270046,49.296,16.7471,2
270047,35.5992,-120.664,2
270050,45.0492,-93.2436,2
270054,41.8876,-71.3943,2
270059,41.1365,-73.9967,2
270060,30.3887,-86.3936,2
270061,30.4772,-86.4198,2
270062,30.4772,-86.4198,2
270065,43.6991,-70.4544,2
270066,33.9564,-118.442,2
270067,41.1363,-73.9969,2
270072,30.4772,-86.4198,2
270083,4.55462,-74.117,2
270085,41.1363,-73.9969,2
270087,40.5706,-105.096,2
270088,4.57796,-74.134,2
270093,4.68431,-74.1131,2
270096,35.2883,-120.66,2
270099,39.0558,-76.4988,2
270104,40.5706,-105.096,2
270128,33.681,-117.189,2
270139,4.64431,-74.1262,2
270140,30.5127,-86.4586,2
270149,33.1388,-117.072,2
270151,33.0091,-117.279,2
270160,30.5127,-86.4586,2
270162,41.4837,-71.5257,2
270170,37.2711,-80.1108,2
270171,37.2711,-80.1108,2
270176,29.5232,-98.7646,2
270179,37.7437,-122.481,2
270185,29.5232,-98.7646,2
270206,41.1363,-73.9969,2
270209,32.8697,-117.222,2
270215,33.681,-117.189,2
270220,41.1363,-73.9969,2
270221,45.0863,-93.4791,2
270238,30.4675,-86.4157,2
270239,37.5149,-76.9848,2
270243,39.9983,-105.261,2
270245,30.513,-86.4586,2
270246,32.7186,-117.134,2
270250,33.6809,-117.189,2
270251,32.8737,-117.243,2
270252,39.9983,-105.261,2
270253,32.879,-117.235,2
270267,-6.7321,-36.2685,2
270270,-6.64451,-36.2521,2
270274,42.3743,-71.2454,2
270275,42.3743,-71.2454,2
270277,30.4866,-86.1675,2
270278,43.79,-79.3451,2
270283,38.9897,-76.9378,2
270284,38.9897,-76.9378,2
270292,42.1262,-70.8477,2
270298,42.3551,-71.0657,2
270312,41.485,-71.5299,2
270313,41.485,-71.5299,2
270314,30.4988,-86.4747,2
270318,32.8766,-117.233,2
270319,32.8801,-117.247,2
270327,32.8861,-117.242,2
270336,32.8801,-117.247,2
270337,41.2023,22.5744,2
270349,40.0017,-105.274,2
270350,40.0005,-105.208,2
270352,39.5188,-119.901,2
270353,39.5188,-119.901,2
270360,43.7962,-79.3467,2
270361,43.7962,-79.3467,2
270362,40.0005,-105.208,2
270373,32.8861,-117.242,2
270374,47.6456,-122.334,2
270378,40.4406,-79.9959,2
270379,36.6592,29.1263,2
270388,30.513,-86.4587,2
270390,30.5179,-86.472,2
270401,30.4675,-86.4157,2
270407,30.513,-86.4587,2
270409,35.4959,-78.6018,2
270412,30.4988,-86.4747,2
270415,41.7265,-88.0004,2
270436,32.8814,-117.229,2
270464,38.7351,35.5772,2
270476,43.7974,-79.3465,2
270479,32.8398,-117.252,2
270489,30.5179,-86.472,2
270491,43.9642,-78.9432,2
270494,43.8498,-78.9385,2
270507,40.9714,-75.3095,2
270512,30.527,-86.4496,2
270522,32.5714,-117.057,2
270527,32.5714,-117.057,2
270528,40.0055,-105.258,2
270535,32.8422,-117.197,2
270537,41.6645,-83.6283,2
270539,32.8801,-117.234,2
270545,52.222,21.2296,2
270549,32.8801,-117.234,2
270550,32.8801,-117.234,2
270559,28.8391,-82.3132,2
270570,40.0034,-105.261,2
270571,38.137,23.8702,2
270574,28.8277,-82.3315,2
270575,28.8277,-82.3315,2
270576,32.8801,-117.234,2
270578,28.8277,-82.3315,2
270581,28.8277,-82.3315,2
270582,28.8628,-82.4722,2
270584,28.8628,-82.4722,2
270589,28.8628,-82.4722,2
270593,28.8628,-82.4722,2
270598,28.8278,-82.3305,2
270601,28.8278,-82.3305,2
270609,28.8278,-82.3305,2
270620,30.4951,-86.4694,2
270621,30.4951,-86.4694,2
270637,33.892,-118.31,2
270655,40.2102,-105.273,2
270658,39.9979,-105.249,2
270666,38.9762,-94.5996,2
270668,39.6075,-104.857,2
270676,33.6727,-117.191,2
270680,37.4076,-121.939,2
270682,39.9988,-105.249,2
270688,39.0558,-76.4988,2
270697,40.039,-105.264,2
270698,36.9049,-111.459,2
270702,40.0072,-105.258,2
270732,32.5506,-97.0617,2
270733,40.0059,-105.268,2
270735,43.5381,-70.3502,2
270747,39.0558,-76.4988,2
270749,37.3211,127.093,2
270752,43.2389,-8.30774,2
270753,33.892,-118.31,2
270763,40.7982,-77.8885,2
270770,40.7982,-77.8885,2
270776,26.1153,-80.1181,2
270777,26.1153,-80.1181,2
270780,26.1153,-80.1181,2
270784,43.2341,-8.31133,2
270788,-19.9473,-43.9918,2
270790,-19.9473,-43.9917,2
270809,40.801,-77.8565,2
270816,49.9543,20.7421,2
270817,35.3022,-120.865,2
270827,43.2548,-87.9131,2
270834,35.101,-120.607,2
270838,40.8064,-77.8623,2
270851,35.7236,51.3549,2
270862,29.8106,-95.5434,2
270863,29.8106,-95.5434,2
270865,29.8106,-95.5434,2
270872,40.7625,-73.3263,2
270875,35.3821,-119.209,2
270876,35.3821,-119.209,2
270877,41.1264,-95.9037,2
270883,39.9865,-83.0033,2
270889,40.789,-77.8494,2
270891,40.7901,-77.8983,2
270894,52.5339,-2.41324,2
270895,52.5339,-2.41324,2
270900,40.7881,-77.8969,2
270902,40.789,-77.8494,2
270904,41.7324,-87.9781,2
270906,39.0558,-76.4988,2
270908,43.2732,-8.3057,2
270909,43.2731,-8.30549,2
270915,40.2689,-76.9578,2
270922,40.8568,-74.1285,2
270939,40.787,-77.8953,2
270946,40.788,-77.897,2
270947,41.6645,-83.6283,2
270949,51.1657,10.4515,2
270952,44.974,-93.2278,2
270954,40.7881,-77.8969,2
270955,44.7319,-93.2177,2
270960,44.9507,-93.2877,2
270962,35.18,-120.732,2
270963,44.9814,-93.2401,2
270965,44.664,-91.6312,2
270972,44.1736,-88.4489,2
270973,45.2001,-93.1476,2
270980,41.3812,2.17744,2
270981,41.3812,2.17744,2
270990,21.3388,-158.123,2
270992,21.3388,-158.123,2
270997,10.6069,103.55,2
271001,41.3812,2.17744,2
271005,41.3856,2.185,2
271009,41.3856,2.185,2
271014,41.382,-81.4381,2
271016,19.109,72.8629,2
271024,47.4101,8.54147,2
271025,47.4101,8.54147,2
271027,45.5102,-92.9931,2
271032,25.6707,-80.3907,2
271058,38.8065,-77.2114,2
271059,38.8065,-77.2114,2
271060,30.1739,-97.8307,2
271073,22.7329,71.6226,2
271089,38.8065,-77.2114,2
271095,-30.2337,-71.0835,2
271100,40.4191,-105.02,2
271109,43.028,-76.1667,2
271115,27.7033,85.3233,2
271116,27.6922,85.3213,2
271134,52.1712,21.2969,2
271214,38.9061,-76.7726,2
271234,40.2689,-76.9578,2
271272,38.9516,-77.1198,2
271279,47.1469,8.54382,2
271324,39.4646,-77.5617,2
271328,44.1271,15.2475,2
271329,44.1271,15.2475,2
271365,42.2962,-71.2902,2
271382,44.1271,15.2475,2
271383,44.1271,15.2475,2
271385,44.1271,15.2475,2
271389,44.1271,15.2475,2
271390,44.1271,15.2475,2
271400,44.1274,15.2478,2
271416,44.1274,15.2478,2
271418,44.1274,15.2478,2
271419,44.1274,15.2478,2
271420,44.1274,15.2478,2
271421,44.1274,15.2478,2
271424,44.1274,15.2478,2
269240,33.9645,-83.4052,1
269241,-34.7833,-54.9185,1
269245,-34.8771,-56.1873,1
269246,33.7425,-84.516,1
269248,-34.8591,-56.2063,1
269251,41.7329,-87.9784,1
269253,-34.7257,-56.2076,1
269262,32.8627,-117.218,1
269267,33.6809,-117.189,1
269286,41.7324,-87.9782,1
269287,40.8011,-77.8459,1
269296,47.1003,-122.281,1
269317,10.2904,-61.4504,1
269326,31.7759,35.1905,1
269334,-34.719,-56.1913,1
269355,19.0515,72.887,1
269360,40.7693,-77.8607,1
269365,41.9147,-72.8128,1
269383,36.8517,-119.69,1
269391,38.6204,-90.5709,1
269392,41.7335,-87.9797,1
269405,41.6613,-71.4669,1
269410,47.1343,-122.293,1
269413,33.1434,-117.166,1
269418,13.0827,80.2707,1
269429,-34.912,-56.1488,1
269438,-34.9162,-56.1528,1
269441,41.1487,-81.3511,1
269445,41.7324,-87.9782,1
269461,32.8399,-117.245,1
269487,32.8399,-117.245,1
269489,40.7693,-77.8607,1
269504,-34.912,-56.1488,1
269506,38.6759,-90.3864,1
269511,41.0328,-81.4991,1
269523,47.2529,-122.444,1
269531,47.1205,-122.462,1
269536,47.3293,-122.58,1
269538,-34.9162,-56.1528,1
269540,-34.912,-56.1488,1
269551,10.3395,-61.3444,1
269564,47.263,-122.479,1
269565,41.7414,-87.9814,1
269588,47.3293,-122.58,1
269600,10.3395,-61.3444,1
269604,-34.8511,-56.2086,1
269621,30.164,-97.8076,1
269630,-34.8505,-56.2101,1
269642,32.8682,-117.233,1
269651,32.5743,-97.0655,1
269673,32.9519,-96.9587,1
269675,40.9176,-95.8882,1
269676,40.9176,-95.8882,1
269677,-34.9116,-56.1963,1
269682,35.911,-93.8419,1
269688,-34.8614,-56.1938,1
269701,35.911,-93.8419,1
269706,32.7371,-117.116,1
269712,32.7371,-117.116,1
269713,32.7371,-117.116,1
269734,40.806,-77.8639,1
269739,-34.9008,-56.1668,1
269745,41.9147,-72.8128,1
269754,47.2617,-122.481,1
269766,47.2653,-122.585,1
269782,47.1406,-122.538,1
269783,47.162,-122.579,1
269785,-34.9162,-56.1528,1
269791,40.806,-77.8639,1
269796,-34.8587,-56.1715,1
269797,-34.8587,-56.1715,1
269798,-34.8587,-56.1715,1
269804,39.3411,-84.3088,1
269805,39.3411,-84.3088,1
269807,39.3473,-84.3132,1
269819,47.2655,-122.584,1
269836,-34.9216,-56.1502,1
269839,-34.9216,-56.1502,1
269847,40.8051,-77.8608,1
269851,55.6805,12.5749,1
269852,40.7913,-77.8653,1
269853,43.4572,-80.5015,1
269856,43.5382,-70.4203,1
269857,43.4572,-80.5015,1
269866,33.2692,-111.635,1
269871,19.2272,72.9753,1
269877,41.7265,-88.0004,1
269883,41.7265,-88.0004,1
269889,32.3879,-80.7076,1
269892,41.4881,-71.5332,1
269901,44.9877,-93.2218,1
269915,40.6433,-77.5788,1
269920,30.0739,30.9461,1
269922,30.0739,30.9461,1
269942,30.0739,30.9461,1
269946,39.3471,-84.3132,1
269948,40.7936,-77.8641,1
269954,39.0558,-76.4988,1
269960,32.8627,-117.218,1
269990,40.8017,-77.8578,1
269992,40.8017,-77.8578,1
269994,42.0275,-71.4833,1
269995,42.0275,-71.4833,1
269999,42.0275,-71.4833,1
270004,40.8051,-77.8623,1
270019,32.7968,-117.233,1
270022,6.90608,79.9696,1
270026,4.60183,-74.163,1
270033,40.7936,-77.8641,1
270034,30.0739,30.9461,1
270051,30.0739,30.9461,1
270052,41.8869,-71.3953,1
270055,41.8876,-71.3943,1
270056,41.8876,-71.3943,1
270068,30.4108,-98.0178,1
270069,40.5165,-112.019,1
270074,30.4108,-98.0178,1
270098,32.8627,-117.218,1
270107,4.65668,-74.1168,1
270114,4.71148,-74.1433,1
270116,4.7112,-74.1065,1
270120,4.7112,-74.1065,1
270121,4.71121,-74.1065,1
270129,33.6772,-117.188,1
270165,40.8002,-77.8535,1
270167,40.8002,-77.8535,1
270181,32.7703,-117.159,1
270187,39.5317,-104.964,1
270189,40.8002,-77.8535,1
270194,39.5317,-104.964,1
270198,38.9561,-77.0898,1
270201,30.4988,-86.4747,1
270202,39.0438,-77.4874,1
270204,32.8831,-117.234,1
270208,40.8049,-77.8623,1
270218,40.8049,-77.8623,1
270222,45.0921,-93.44,1
270234,39.942,-105.124,1
270256,32.8801,-117.234,1
270257,32.8907,-117.253,1
270271,30.5357,-86.4917,1
270282,30.495,-86.4694,1
270286,40.0041,-105.272,1
270297,42.3551,-71.0657,1
270299,42.3551,-71.0657,1
270301,39.9896,-105.32,1
270307,30.495,-86.4694,1
270317,32.8761,-117.241,1
270322,32.879,-117.235,1
270330,30.495,-86.4694,1
270335,41.4878,-71.5357,1
270342,30.495,-86.4694,1
270345,32.8764,-117.234,1
270348,41.6612,-71.4669,1
270357,32.9574,-117.127,1
270358,32.9574,-117.127,1
270385,41.397,-82.0698,1
270392,30.4951,-86.4694,1
270417,30.4951,-86.4694,1
270423,32.586,-117.093,1
270432,32.8761,-117.241,1
270439,32.586,-117.093,1
270475,43.6762,-79.357,1
270493,41.3601,-82.1097,1
270504,-4.29635,-41.7763,1
270508,41.7324,-87.9781,1
270510,32.8761,-117.241,1
270511,32.8902,-117.249,1
270515,32.8902,-117.249,1
270524,30.5169,-86.4822,1
270525,32.8907,-117.253,1
270544,33.681,-117.189,1
270547,56.8116,60.458,1
270565,28.8372,-82.3109,1
270572,28.8277,-82.3315,1
270588,28.8628,-82.4722,1
270592,28.8628,-82.4722,1
270602,28.8278,-82.3305,1
270607,28.8278,-82.3305,1
270612,28.8278,-82.3305,1
270615,30.4951,-86.4694,1
270626,30.5169,-86.4822,1
270628,33.5587,-112.122,1
270640,40.0096,-105.282,1
270645,33.6864,-117.168,1
270652,31.2206,121.544,1
270654,40.015,-105.271,1
270659,34.3917,-118.543,1
270661,41.4861,-71.5309,1
270673,39.9535,-105.333,1
270675,40.1745,-105.117,1
270678,40.8006,-77.8584,1
270687,47.2631,-122.479,1
270693,39.7383,-105.048,1
270694,39.7522,-105.044,1
270699,32.569,-97.055,1
270703,40.8006,-77.8584,1
270717,40.0087,-105.273,1
270719,33.2792,-87.5021,1
270730,40.0165,-105.27,1
270736,40.8006,-77.8584,1
270742,35.5716,-78.5201,1
270755,36.1465,-86.8079,1
270758,43.0718,-70.7626,1
270779,25.8094,-80.1921,1
270802,31.3536,-87.7344,1
270811,41.6645,-83.6283,1
270813,43.2341,-8.31133,1
270814,39.9535,-105.333,1
270818,40.8058,-77.8634,1
270828,40.8066,-77.8627,1
270832,40.8017,-77.8587,1
270837,40.8066,-77.8627,1
270839,40.8064,-77.8623,1
270840,40.8064,-77.8623,1
270842,40.8064,-77.8623,1
270844,32.5467,-97.0897,1
270845,32.5467,-97.0897,1
270846,32.5467,-97.0897,1
270848,32.5467,-97.0897,1
270849,32.5467,-97.0897,1
270854,40.8023,-77.8587,1
270855,40.8017,-77.8587,1
270857,40.7981,-77.8612,1
270858,44.9778,-93.265,1
270860,40.7934,-77.86,1
270878,38.8697,-99.337,1
270879,38.8697,-99.337,1
270882,41.6642,-83.6433,1
270885,37.4081,-121.939,1
270888,34.1463,-84.0204,1
270892,37.4081,-121.939,1
270937,47.4671,-122.155,1
270950,40.8068,-77.8646,1
270958,40.0732,-75.1676,1
270968,47.4101,8.54142,1
270969,46.5422,-94.206,1
270974,44.7522,-93.3023,1
270978,44.7107,-93.4807,1
270979,44.7107,-93.4807,1
270989,12.8927,77.6077,1
270991,43.2937,-8.34334,1
270998,46.5422,-94.206,1
271003,43.2943,-8.34644,1
271035,47.4101,8.54142,1
271048,27.7086,85.3311,1
271075,23.1001,70.508,1
271141,43.0408,-76.0879,1
271152,43.0408,-76.0879,1
271193,43.0408,-76.0879,1
271213,38.794,-77.2069,1
271230,40.2689,-76.9578,1
271231,40.2689,-76.9578,1
271232,40.2689,-76.9578,1
271233,40.2689,-76.9578,1
271271,38.9491,-77.115,1
271280,47.153,8.55187,1
271364,42.2948,-71.2908,1
271417,44.1274,15.2478,1
271423,44.1274,15.2478,1